momento,data,dia_semana,hora,periodo,de_dia,altura_m,altura_bruta_m,direcao_onda,vento_kmh,direcao_vento,mare_altura_m,mare_enchendo,mare_fracao,coeficiente,idade_lua
2026-10-01 01:00:00,2026-10-01,qui,1,madrugada,False,1.1,1.1,ESE,22.0,E,0.44,True,0.022,64,19
2026-10-01 02:00:00,2026-10-01,qui,2,madrugada,False,1.1,1.1,ESE,21.0,E,0.68,True,0.149,64,19
2026-10-01 03:00:00,2026-10-01,qui,3,madrugada,False,1.1,1.1,ESE,22.0,E,1.08,True,0.36,64,19
2026-10-01 04:00:00,2026-10-01,qui,4,madrugada,False,1.1,1.1,ESE,23.0,E,1.55,True,0.604,64,19
2026-10-01 05:00:00,2026-10-01,qui,5,manhã,False,1.1,1.2,ESE,22.0,E,1.97,True,0.824,64,19
2026-10-01 06:00:00,2026-10-01,qui,6,manhã,True,1.2,0.9,E,25.0,E,2.24,True,0.966,64,19
2026-10-01 07:00:00,2026-10-01,qui,7,manhã,True,1.2,1.2,ESE,24.0,E,2.29,False,0.996,64,19
2026-10-01 08:00:00,2026-10-01,qui,8,manhã,True,1.2,1.2,E,23.0,E,2.13,False,0.901,64,19
2026-10-01 09:00:00,2026-10-01,qui,9,manhã,True,1.1,0.9,E,23.0,E,1.8,False,0.705,64,19
2026-10-01 10:00:00,2026-10-01,qui,10,manhã,True,1.1,1.1,E,21.0,E,1.37,False,0.455,64,19
2026-10-01 11:00:00,2026-10-01,qui,11,manhã,True,1.1,1.1,E,22.0,E,0.97,False,0.218,64,19
2026-10-01 12:00:00,2026-10-01,qui,12,tarde,True,1.1,0.9,E,21.0,E,0.69,False,0.052,64,19
2026-10-01 13:00:00,2026-10-01,qui,13,tarde,True,1.1,1.1,E,21.0,ESE,0.6,True,0.001,64,19
2026-10-01 14:00:00,2026-10-01,qui,14,tarde,True,1.1,1.1,E,20.0,ESE,0.72,True,0.079,64,19
2026-10-01 15:00:00,2026-10-01,qui,15,tarde,True,1.1,0.9,E,19.0,ESE,1.0,True,0.269,64,19
2026-10-01 16:00:00,2026-10-01,qui,16,tarde,True,1.2,1.2,E,18.0,ESE,1.38,True,0.519,64,19
2026-10-01 17:00:00,2026-10-01,qui,17,tarde,True,1.2,1.2,E,17.0,ESE,1.75,True,0.765,64,19
2026-10-01 18:00:00,2026-10-01,qui,18,noite,False,1.2,1.0,E,18.0,ESE,2.01,True,0.94,64,19
2026-10-01 19:00:00,2026-10-01,qui,19,noite,False,1.2,1.2,E,19.0,ESE,2.1,False,1.0,64,19
2026-10-01 20:00:00,2026-10-01,qui,20,noite,False,1.2,1.2,E,20.0,E,1.99,False,0.933,64,19
2026-10-01 21:00:00,2026-10-01,qui,21,noite,False,1.2,1.0,E,21.0,E,1.72,False,0.76,64,19
2026-10-01 22:00:00,2026-10-01,qui,22,noite,False,1.2,1.2,E,22.0,E,1.34,False,0.523,64,19
2026-10-01 23:00:00,2026-10-01,qui,23,noite,False,1.2,1.3,E,24.0,E,0.95,False,0.281,64,19
2026-10-02 00:00:00,2026-10-02,sex,0,madrugada,False,1.3,1.0,E,23.0,E,0.65,False,0.092,50,20
2026-10-02 01:00:00,2026-10-02,sex,1,madrugada,False,1.2,1.3,E,22.0,E,0.51,False,0.003,50,20
2026-10-02 02:00:00,2026-10-02,sex,2,madrugada,False,1.2,1.2,E,21.0,E,0.56,True,0.035,50,20
2026-10-02 03:00:00,2026-10-02,sex,3,madrugada,False,1.2,0.9,E,21.0,E,0.78,True,0.176,50,20
2026-10-02 04:00:00,2026-10-02,sex,4,madrugada,False,1.2,1.2,E,21.0,E,1.13,True,0.393,50,20
2026-10-02 05:00:00,2026-10-02,sex,5,manhã,False,1.2,1.2,E,22.0,E,1.52,True,0.635,50,20
2026-10-02 06:00:00,2026-10-02,sex,6,manhã,True,1.2,0.9,E,23.0,E,1.85,True,0.846,50,20
2026-10-02 07:00:00,2026-10-02,sex,7,manhã,True,1.1,1.2,E,23.0,E,2.06,True,0.975,50,20
2026-10-02 08:00:00,2026-10-02,sex,8,manhã,True,1.1,1.1,E,22.0,E,2.09,False,0.992,50,20
2026-10-02 09:00:00,2026-10-02,sex,9,manhã,True,1.1,0.9,E,21.0,E,1.95,False,0.887,50,20
2026-10-02 10:00:00,2026-10-02,sex,10,manhã,True,1.1,1.1,E,19.0,E,1.69,False,0.684,50,20
2026-10-02 11:00:00,2026-10-02,sex,11,manhã,True,1.1,1.1,E,16.0,E,1.36,False,0.435,50,20
2026-10-02 12:00:00,2026-10-02,sex,12,tarde,True,1.1,0.9,E,15.0,E,1.06,False,0.202,50,20
2026-10-02 13:00:00,2026-10-02,sex,13,tarde,True,1.1,1.1,E,14.0,E,0.86,False,0.044,50,20
2026-10-02 14:00:00,2026-10-02,sex,14,tarde,True,1.1,1.1,E,14.0,E,0.8,True,0.002,50,20
2026-10-02 15:00:00,2026-10-02,sex,15,tarde,True,1.1,0.9,E,15.0,E,0.91,True,0.088,50,20
2026-10-02 16:00:00,2026-10-02,sex,16,tarde,True,1.1,1.1,E,18.0,E,1.14,True,0.28,50,20
2026-10-02 17:00:00,2026-10-02,sex,17,tarde,True,1.1,1.1,E,18.0,E,1.44,True,0.53,50,20
2026-10-02 18:00:00,2026-10-02,sex,18,noite,False,1.1,0.8,E,21.0,E,1.73,True,0.772,50,20
2026-10-02 19:00:00,2026-10-02,sex,19,noite,False,1.1,1.1,E,26.0,E,1.93,True,0.943,50,20
2026-10-02 20:00:00,2026-10-02,sex,20,noite,False,1.1,1.1,E,27.0,ENE,2.0,False,1.0,50,20
2026-10-02 21:00:00,2026-10-02,sex,21,noite,False,1.1,0.8,E,27.0,ENE,1.91,False,0.933,50,20
2026-10-02 22:00:00,2026-10-02,sex,22,noite,False,1.1,1.1,ESE,23.0,ENE,1.69,False,0.765,50,20
2026-10-02 23:00:00,2026-10-02,sex,23,noite,False,1.1,1.1,ESE,23.0,ENE,1.4,False,0.535,50,20
2026-10-03 00:00:00,2026-10-03,sáb,0,madrugada,False,1.1,0.8,E,22.0,E,1.08,False,0.296,41,21
2026-10-03 01:00:00,2026-10-03,sáb,1,madrugada,False,1.1,1.1,ESE,22.0,E,0.84,False,0.105,41,21
2026-10-03 02:00:00,2026-10-03,sáb,2,madrugada,False,1.1,1.1,ESE,22.0,E,0.71,False,0.007,41,21
2026-10-03 03:00:00,2026-10-03,sáb,3,madrugada,False,1.1,0.8,NE,21.0,E,0.73,True,0.024,41,21
2026-10-03 04:00:00,2026-10-03,sáb,4,madrugada,False,1.1,1.1,ESE,23.0,E,0.89,True,0.149,41,21
2026-10-03 05:00:00,2026-10-03,sáb,5,manhã,False,1.1,1.1,ESE,23.0,E,1.16,True,0.352,41,21
2026-10-03 06:00:00,2026-10-03,sáb,6,manhã,True,1.1,0.8,NE,23.0,E,1.47,True,0.589,41,21
2026-10-03 07:00:00,2026-10-03,sáb,7,manhã,True,1.1,1.1,E,24.0,E,1.75,True,0.806,41,21
2026-10-03 08:00:00,2026-10-03,sáb,8,manhã,True,1.1,1.1,E,24.0,E,1.94,True,0.954,41,21
2026-10-03 09:00:00,2026-10-03,sáb,9,manhã,True,1.1,0.9,NE,23.0,E,2.0,False,0.999,41,21
2026-10-03 10:00:00,2026-10-03,sáb,10,manhã,True,1.1,1.1,E,21.0,E,1.91,False,0.926,41,21
2026-10-03 11:00:00,2026-10-03,sáb,11,manhã,True,1.1,1.1,E,20.0,E,1.7,False,0.748,41,21
2026-10-03 12:00:00,2026-10-03,sáb,12,tarde,True,1.1,0.9,NE,21.0,E,1.41,False,0.508,41,21
2026-10-03 13:00:00,2026-10-03,sáb,13,tarde,True,1.1,1.1,E,26.0,E,1.12,False,0.267,41,21
2026-10-03 14:00:00,2026-10-03,sáb,14,tarde,True,1.1,1.1,E,24.0,E,0.9,False,0.083,41,21
2026-10-03 15:00:00,2026-10-03,sáb,15,tarde,True,1.1,0.9,NE,21.0,E,0.8,False,0.002,41,21
2026-10-03 16:00:00,2026-10-03,sáb,16,tarde,True,1.1,1.1,E,18.0,E,0.85,True,0.044,41,21
2026-10-03 17:00:00,2026-10-03,sáb,17,tarde,True,1.1,1.1,E,17.0,E,1.02,True,0.2,41,21
2026-10-03 18:00:00,2026-10-03,sáb,18,noite,False,1.1,0.9,NE,19.0,E,1.27,True,0.431,41,21
2026-10-03 19:00:00,2026-10-03,sáb,19,noite,False,1.2,1.2,E,20.0,E,1.55,True,0.679,41,21
2026-10-03 20:00:00,2026-10-03,sáb,20,noite,False,1.2,1.3,E,21.0,ESE,1.77,True,0.883,41,21
2026-10-03 21:00:00,2026-10-03,sáb,21,noite,False,1.3,1.0,E,26.0,E,1.89,True,0.991,41,21
2026-10-03 22:00:00,2026-10-03,sáb,22,noite,False,1.4,1.4,E,28.0,E,1.88,False,0.979,41,21
2026-10-03 23:00:00,2026-10-03,sáb,23,noite,False,1.4,1.5,E,30.0,ESE,1.74,False,0.858,41,21
2026-10-04 00:00:00,2026-10-04,dom,0,madrugada,False,1.5,1.1,ESE,30.0,ESE,1.52,False,0.658,44,23
2026-10-04 01:00:00,2026-10-04,dom,1,madrugada,False,1.6,1.6,E,31.0,ESE,1.27,False,0.423,44,23
2026-10-04 02:00:00,2026-10-04,dom,2,madrugada,False,1.6,1.6,E,31.0,ESE,1.02,False,0.205,44,23
2026-10-04 03:00:00,2026-10-04,dom,3,madrugada,False,1.6,1.1,E,30.0,ESE,0.86,False,0.052,44,23
2026-10-04 04:00:00,2026-10-04,dom,4,madrugada,False,1.6,1.6,E,31.0,ESE,0.8,True,0.0,44,23
2026-10-04 05:00:00,2026-10-04,dom,5,manhã,False,1.6,1.6,E,31.0,ESE,0.86,True,0.058,44,23
2026-10-04 06:00:00,2026-10-04,dom,6,manhã,True,1.6,1.1,E,32.0,ESE,1.03,True,0.213,44,23
2026-10-04 07:00:00,2026-10-04,dom,7,manhã,True,1.6,1.6,E,32.0,ESE,1.27,True,0.431,44,23
2026-10-04 08:00:00,2026-10-04,dom,8,manhã,True,1.6,1.6,E,30.0,ESE,1.53,True,0.664,44,23
2026-10-04 09:00:00,2026-10-04,dom,9,manhã,True,1.5,1.1,E,29.0,ESE,1.75,True,0.861,44,23
2026-10-04 10:00:00,2026-10-04,dom,10,manhã,True,1.5,1.5,E,27.0,ESE,1.88,True,0.979,44,23
2026-10-04 11:00:00,2026-10-04,dom,11,manhã,True,1.5,1.5,E,27.0,ESE,1.89,False,0.991,44,23
2026-10-04 12:00:00,2026-10-04,dom,12,tarde,True,1.5,1.1,E,26.0,ESE,1.77,False,0.886,44,23
2026-10-04 13:00:00,2026-10-04,dom,13,tarde,True,1.6,1.6,E,27.0,ESE,1.56,False,0.688,44,23
2026-10-04 14:00:00,2026-10-04,dom,14,tarde,True,1.6,1.6,E,31.0,ESE,1.29,False,0.444,44,23
2026-10-04 15:00:00,2026-10-04,dom,15,tarde,True,1.6,1.2,E,32.0,ESE,1.04,False,0.214,44,23
2026-10-04 16:00:00,2026-10-04,dom,16,tarde,True,1.6,1.6,E,30.0,ESE,0.86,False,0.053,44,23
2026-10-04 17:00:00,2026-10-04,dom,17,tarde,True,1.6,1.7,E,28.0,ESE,0.8,True,0.0,44,23
2026-10-04 18:00:00,2026-10-04,dom,18,noite,False,1.7,1.3,E,27.0,ESE,0.88,True,0.07,44,23
2026-10-04 19:00:00,2026-10-04,dom,19,noite,False,1.7,1.7,E,28.0,ESE,1.07,True,0.245,44,23
2026-10-04 20:00:00,2026-10-04,dom,20,noite,False,1.7,1.7,E,29.0,ESE,1.33,True,0.483,44,23
2026-10-04 21:00:00,2026-10-04,dom,21,noite,False,1.6,1.3,E,28.0,ESE,1.6,True,0.726,44,23
2026-10-04 22:00:00,2026-10-04,dom,22,noite,False,1.6,1.6,E,28.0,ESE,1.8,True,0.912,44,23
2026-10-04 23:00:00,2026-10-04,dom,23,noite,False,1.6,1.6,E,28.0,ESE,1.9,True,0.997,44,23
2026-10-05 00:00:00,2026-10-05,seg,0,madrugada,False,1.6,1.3,E,29.0,ESE,1.86,False,0.963,55,24
2026-10-05 01:00:00,2026-10-05,seg,1,madrugada,False,1.5,1.6,E,29.0,ESE,1.69,False,0.822,55,24
2026-10-05 02:00:00,2026-10-05,seg,2,madrugada,False,1.5,1.5,E,25.0,ESE,1.43,False,0.608,55,24
2026-10-05 03:00:00,2026-10-05,seg,3,madrugada,False,1.5,1.2,E,21.0,SE,1.14,False,0.369,55,24
2026-10-05 04:00:00,2026-10-05,seg,4,madrugada,False,1.6,1.6,E,25.0,ESE,0.89,False,0.159,55,24
2026-10-05 05:00:00,2026-10-05,seg,5,manhã,True,1.6,1.6,E,30.0,E,0.73,False,0.028,55,24
2026-10-05 06:00:00,2026-10-05,seg,6,manhã,True,1.6,1.2,E,31.0,E,0.71,True,0.005,55,24
2026-10-05 07:00:00,2026-10-05,seg,7,manhã,True,1.6,1.7,E,29.0,E,0.83,True,0.097,55,24
2026-10-05 08:00:00,2026-10-05,seg,8,manhã,True,1.6,1.6,E,24.0,E,1.07,True,0.282,55,24
2026-10-05 09:00:00,2026-10-05,seg,9,manhã,True,1.6,1.3,E,23.0,ESE,1.37,True,0.518,55,24
2026-10-05 10:00:00,2026-10-05,seg,10,manhã,True,1.5,1.6,E,24.0,ESE,1.67,True,0.75,55,24
2026-10-05 11:00:00,2026-10-05,seg,11,manhã,True,1.5,1.5,E,24.0,SE,1.9,True,0.924,55,24
2026-10-05 12:00:00,2026-10-05,seg,12,tarde,True,1.5,1.3,E,24.0,SE,2.0,True,0.999,55,24
2026-10-05 13:00:00,2026-10-05,seg,13,tarde,True,1.5,1.5,E,24.0,SE,1.95,False,0.954,55,24
2026-10-05 14:00:00,2026-10-05,seg,14,tarde,True,1.5,1.5,E,24.0,SE,1.76,False,0.796,55,24
2026-10-05 15:00:00,2026-10-05,seg,15,tarde,True,1.5,1.3,E,27.0,SE,1.48,False,0.563,55,24
2026-10-05 16:00:00,2026-10-05,seg,16,tarde,True,1.5,1.5,E,27.0,SE,1.18,False,0.315,55,24
2026-10-05 17:00:00,2026-10-05,seg,17,tarde,True,1.5,1.5,E,24.0,SE,0.93,False,0.112,55,24
2026-10-05 18:00:00,2026-10-05,seg,18,noite,False,1.5,1.2,E,23.0,SE,0.81,False,0.008,55,24
2026-10-05 19:00:00,2026-10-05,seg,19,noite,False,1.5,1.5,E,26.0,SE,0.83,True,0.027,55,24
2026-10-05 20:00:00,2026-10-05,seg,20,noite,False,1.5,1.6,E,26.0,SE,1.01,True,0.165,55,24
2026-10-05 21:00:00,2026-10-05,seg,21,noite,False,1.6,1.2,E,26.0,SE,1.3,True,0.387,55,24
2026-10-05 22:00:00,2026-10-05,seg,22,noite,False,1.6,1.6,E,27.0,SE,1.63,True,0.638,55,24
2026-10-05 23:00:00,2026-10-05,seg,23,noite,False,1.6,1.6,E,26.0,SE,1.91,True,0.854,55,24
2026-10-06 00:00:00,2026-10-06,ter,0,madrugada,False,1.6,1.2,E,26.0,SE,2.07,True,0.981,69,25
2026-10-06 01:00:00,2026-10-06,ter,1,madrugada,False,1.7,1.7,E,27.0,SE,2.08,False,0.988,69,25
2026-10-06 02:00:00,2026-10-06,ter,2,madrugada,False,1.7,1.7,E,27.0,SE,1.92,False,0.877,69,25
2026-10-06 03:00:00,2026-10-06,ter,3,madrugada,False,1.2,1.2,E,27.0,ESE,1.61,False,0.676,69,25
2026-10-06 04:00:00,2026-10-06,ter,4,madrugada,False,1.2,1.2,E,27.0,ESE,1.25,False,0.432,69,25
2026-10-06 05:00:00,2026-10-06,ter,5,manhã,True,1.2,1.2,E,27.0,ESE,0.91,False,0.205,69,25
2026-10-06 06:00:00,2026-10-06,ter,6,manhã,True,1.2,1.2,E,28.0,ESE,0.67,False,0.049,69,25
2026-10-06 07:00:00,2026-10-06,ter,7,manhã,True,1.2,1.2,E,28.0,ESE,0.6,True,0.001,69,25
2026-10-06 08:00:00,2026-10-06,ter,8,manhã,True,1.2,1.2,E,29.0,ESE,0.71,True,0.075,69,25
2026-10-06 09:00:00,2026-10-06,ter,9,manhã,True,1.2,1.2,E,30.0,ESE,0.98,True,0.254,69,25
2026-10-06 10:00:00,2026-10-06,ter,10,manhã,True,1.3,1.3,E,29.0,ESE,1.34,True,0.494,69,25
2026-10-06 11:00:00,2026-10-06,ter,11,manhã,True,1.3,1.3,E,28.0,ESE,1.7,True,0.735,69,25
2026-10-06 12:00:00,2026-10-06,ter,12,tarde,True,1.3,1.3,E,27.0,ESE,1.98,True,0.919,69,25
2026-10-06 13:00:00,2026-10-06,ter,13,tarde,True,1.3,1.3,E,27.0,SE,2.1,True,0.999,69,25
2026-10-06 14:00:00,2026-10-06,ter,14,tarde,True,1.3,1.3,E,27.0,SE,2.03,False,0.953,69,25
2026-10-06 15:00:00,2026-10-06,ter,15,tarde,True,1.3,1.3,E,26.0,SE,1.79,False,0.791,69,25
2026-10-06 16:00:00,2026-10-06,ter,16,tarde,True,1.3,1.3,E,26.0,SE,1.43,False,0.553,69,25
2026-10-06 17:00:00,2026-10-06,ter,17,tarde,True,1.3,1.3,E,24.0,SE,1.05,False,0.302,69,25
2026-10-06 18:00:00,2026-10-06,ter,18,noite,False,1.3,1.3,E,24.0,SE,0.75,False,0.102,69,25
2026-10-06 19:00:00,2026-10-06,ter,19,noite,False,1.3,1.3,E,25.0,SE,0.61,False,0.005,69,25
2026-10-06 20:00:00,2026-10-06,ter,20,noite,False,1.3,1.3,E,27.0,SE,0.66,True,0.034,69,25
2026-10-06 21:00:00,2026-10-06,ter,21,noite,False,1.3,1.3,E,28.0,SE,0.91,True,0.181,69,25
2026-10-06 22:00:00,2026-10-06,ter,22,noite,False,1.3,1.3,E,27.0,SE,1.29,True,0.408,69,25
2026-10-06 23:00:00,2026-10-06,ter,23,noite,False,1.3,1.3,E,27.0,SE,1.72,True,0.658,69,25
2026-10-07 00:00:00,2026-10-07,qua,0,madrugada,False,1.3,1.3,E,26.0,SE,2.08,True,0.868,81,26
2026-10-07 01:00:00,2026-10-07,qua,1,madrugada,False,1.3,1.3,E,26.0,SE,2.28,True,0.986,81,26
2026-10-07 02:00:00,2026-10-07,qua,2,madrugada,False,1.3,1.3,E,26.0,SE,2.27,False,0.982,81,26
2026-10-07 03:00:00,2026-10-07,qua,3,madrugada,False,1.3,1.3,E,26.0,SE,2.03,False,0.859,81,26
2026-10-07 04:00:00,2026-10-07,qua,4,madrugada,False,1.3,1.3,E,27.0,SE,1.63,False,0.648,81,26
2026-10-07 05:00:00,2026-10-07,qua,5,manhã,True,1.3,1.3,E,28.0,SE,1.16,False,0.4,81,26
2026-10-07 06:00:00,2026-10-07,qua,6,manhã,True,1.3,1.3,E,29.0,SE,0.74,False,0.177,81,26
2026-10-07 07:00:00,2026-10-07,qua,7,manhã,True,1.3,1.3,E,28.0,SE,0.46,False,0.033,81,26
2026-10-07 08:00:00,2026-10-07,qua,8,manhã,True,1.3,1.3,E,27.0,SE,0.41,True,0.005,81,26
2026-10-07 09:00:00,2026-10-07,qua,9,manhã,True,1.3,1.3,E,26.0,ESE,0.59,True,0.101,81,26
2026-10-07 10:00:00,2026-10-07,qua,10,manhã,True,1.3,1.3,E,26.0,SE,0.97,True,0.298,81,26
2026-10-07 11:00:00,2026-10-07,qua,11,manhã,True,1.3,1.3,E,25.0,SE,1.44,True,0.547,81,26
2026-10-07 12:00:00,2026-10-07,qua,12,tarde,True,1.3,1.3,E,25.0,SE,1.89,True,0.783,81,26
2026-10-07 13:00:00,2026-10-07,qua,13,tarde,True,1.3,1.3,E,24.0,SE,2.2,True,0.948,81,26
2026-10-07 14:00:00,2026-10-07,qua,14,tarde,True,1.3,1.3,E,23.0,SE,2.3,False,0.999,81,26
2026-10-07 15:00:00,2026-10-07,qua,15,tarde,True,1.3,1.3,E,23.0,SE,2.15,False,0.921,81,26
2026-10-07 16:00:00,2026-10-07,qua,16,tarde,True,1.3,1.3,E,22.0,SE,1.79,False,0.734,81,26
2026-10-07 17:00:00,2026-10-07,qua,17,tarde,True,1.3,1.3,E,21.0,SE,1.32,False,0.485,81,26
2026-10-07 18:00:00,2026-10-07,qua,18,noite,False,1.2,1.2,E,19.0,SE,0.86,False,0.24,81,26
2026-10-07 19:00:00,2026-10-07,qua,19,noite,False,1.2,1.2,E,21.0,SE,0.52,False,0.063,81,26
2026-10-07 20:00:00,2026-10-07,qua,20,noite,False,1.2,1.2,E,22.0,SE,0.4,True,0.0,81,26
2026-10-07 21:00:00,2026-10-07,qua,21,noite,False,1.2,1.2,E,24.0,ESE,0.53,True,0.065,81,26
2026-10-07 22:00:00,2026-10-07,qua,22,noite,False,1.2,1.2,E,23.0,ESE,0.88,True,0.239,81,26
2026-10-07 23:00:00,2026-10-07,qua,23,noite,False,1.2,1.2,E,23.0,ESE,1.36,True,0.479,81,26
