data,hora,tipo,altura_m,coeficiente,idade_lua,nascer_sol,por_sol
2026-10-01,0:24,baixa,0.4,64,19,5:02,17:15
2026-10-01,6:45,alta,2.3,64,19,5:02,17:15
2026-10-01,12:54,baixa,0.6,64,19,5:02,17:15
2026-10-01,18:57,alta,2.1,64,19,5:02,17:15
2026-10-02,1:14,baixa,0.5,50,20,5:02,17:14
2026-10-02,7:39,alta,2.1,50,20,5:02,17:14
2026-10-02,13:50,baixa,0.8,50,20,5:02,17:14
2026-10-02,19:56,alta,2.0,50,20,5:02,17:14
2026-10-03,2:21,baixa,0.7,41,21,5:01,17:14
2026-10-03,8:54,alta,2.0,41,21,5:01,17:14
2026-10-03,15:10,baixa,0.8,41,21,5:01,17:14
2026-10-03,21:23,alta,1.9,41,21,5:01,17:14
2026-10-04,3:58,baixa,0.8,44,23,5:01,17:14
2026-10-04,10:37,alta,1.9,44,23,5:01,17:14
2026-10-04,16:56,baixa,0.8,44,23,5:01,17:14
2026-10-04,23:12,alta,1.9,44,23,5:01,17:14
2026-10-05,5:42,baixa,0.7,55,24,5:00,17:14
2026-10-05,12:09,alta,2.0,55,24,5:00,17:14
2026-10-05,18:21,baixa,0.8,55,24,5:00,17:14
2026-10-06,0:33,alta,2.1,69,25,5:00,17:14
2026-10-06,6:54,baixa,0.6,69,25,5:00,17:14
2026-10-06,13:09,alta,2.1,69,25,5:00,17:14
2026-10-06,19:16,baixa,0.6,69,25,5:00,17:14
2026-10-07,1:28,alta,2.3,81,26,4:59,17:14
2026-10-07,7:44,baixa,0.4,81,26,4:59,17:14
2026-10-07,13:54,alta,2.3,81,26,4:59,17:14
2026-10-07,19:59,baixa,0.4,81,26,4:59,17:14
2026-10-08,2:11,alta,2.4,91,27,4:59,17:14
2026-10-08,8:25,baixa,0.3,91,27,4:59,17:14
2026-10-08,14:31,alta,2.4,91,27,4:59,17:14
2026-10-08,20:37,baixa,0.3,91,27,4:59,17:14
2026-10-09,2:49,alta,2.5,95,28,4:58,17:14
2026-10-09,9:01,baixa,0.3,95,28,4:58,17:14
2026-10-09,15:06,alta,2.4,95,28,4:58,17:14
2026-10-09,21:11,baixa,0.2,95,28,4:58,17:14
2026-10-10,3:25,alta,2.6,96,29,4:58,17:14
2026-10-10,9:35,baixa,0.2,96,29,4:58,17:14
2026-10-10,15:39,alta,2.5,96,29,4:58,17:14
2026-10-10,21:46,baixa,0.2,96,29,4:58,17:14
2026-10-11,4:59,alta,2.6,92,0,4:57,17:14
2026-10-11,11:08,baixa,0.3,92,0,4:57,17:14
2026-10-11,17:11,alta,2.4,92,0,4:57,17:14
2026-10-11,23:19,baixa,0.2,92,0,4:57,17:14
2026-10-12,5:34,alta,2.5,85,1,4:57,17:14
2026-10-12,11:41,baixa,0.4,85,1,4:57,17:14
2026-10-12,17:44,alta,2.4,85,1,4:57,17:14
2026-10-12,23:53,baixa,0.3,85,1,4:57,17:14
2026-10-13,6:08,alta,2.4,76,2,4:57,17:13
2026-10-13,12:14,baixa,0.5,76,2,4:57,17:13
2026-10-13,18:16,alta,2.3,76,2,4:57,17:13
2026-10-14,0:27,baixa,0.4,65,3,4:56,17:13
2026-10-14,6:42,alta,2.3,65,3,4:56,17:13
2026-10-14,12:47,baixa,0.6,65,3,4:56,17:13
2026-10-14,18:50,alta,2.2,65,3,4:56,17:13
2026-10-15,1:02,baixa,0.5,53,4,4:56,17:13
2026-10-15,7:17,alta,2.1,53,4,4:56,17:13
2026-10-15,13:21,baixa,0.7,53,4,4:56,17:13
2026-10-15,19:25,alta,2.1,53,4,4:56,17:13
2026-10-16,1:39,baixa,0.7,41,5,4:55,17:13
2026-10-16,7:54,alta,2.0,41,5,4:55,17:13
2026-10-16,13:59,baixa,0.8,41,5,4:55,17:13
2026-10-16,20:04,alta,1.9,41,5,4:55,17:13
2026-10-17,2:22,baixa,0.8,32,6,4:55,17:13
2026-10-17,8:41,alta,1.8,32,6,4:55,17:13
2026-10-17,14:48,baixa,0.9,32,6,4:55,17:13
2026-10-17,20:58,alta,1.8,32,6,4:55,17:13
2026-10-18,3:25,baixa,0.9,28,7,4:54,17:13
2026-10-18,9:52,alta,1.7,28,7,4:54,17:13
2026-10-18,16:08,baixa,1.0,28,7,4:54,17:13
2026-10-18,22:29,alta,1.7,28,7,4:54,17:13
2026-10-19,5:05,baixa,0.9,32,8,4:54,17:13
2026-10-19,11:38,alta,1.7,32,8,4:54,17:13
2026-10-19,17:57,baixa,0.9,32,8,4:54,17:13
2026-10-20,0:16,alta,1.8,43,9,4:54,17:13
2026-10-20,6:42,baixa,0.8,43,9,4:54,17:13
2026-10-20,13:01,alta,1.8,43,9,4:54,17:13
2026-10-20,19:11,baixa,0.8,43,9,4:54,17:13
2026-10-21,1:24,alta,1.9,56,9,4:53,17:13
2026-10-21,7:40,baixa,0.8,56,9,4:53,17:13
2026-10-21,13:51,alta,2.0,56,9,4:53,17:13
2026-10-21,19:57,baixa,0.7,56,9,4:53,17:13
2026-10-22,2:09,alta,2.1,70,10,4:53,17:13
2026-10-22,8:22,baixa,0.6,70,10,4:53,17:13
2026-10-22,14:29,alta,2.1,70,10,4:53,17:13
2026-10-22,20:34,baixa,0.5,70,10,4:53,17:13
2026-10-23,2:47,alta,2.3,82,11,4:53,17:13
2026-10-23,8:58,baixa,0.5,82,11,4:53,17:13
2026-10-23,15:03,alta,2.3,82,11,4:53,17:13
2026-10-23,21:09,baixa,0.4,82,11,4:53,17:13
2026-10-24,3:22,alta,2.5,93,12,4:52,17:14
2026-10-24,9:33,baixa,0.3,93,12,4:52,17:14
2026-10-24,15:37,alta,2.4,93,12,4:52,17:14
2026-10-24,21:44,baixa,0.2,93,12,4:52,17:14
2026-10-25,3:58,alta,2.6,99,13,4:52,17:14
2026-10-25,10:10,baixa,0.3,99,13,4:52,17:14
2026-10-25,16:13,alta,2.5,99,13,4:52,17:14
2026-10-25,22:21,baixa,0.2,99,13,4:52,17:14
2026-10-26,4:37,alta,2.6,100,15,4:52,17:14
2026-10-26,10:48,baixa,0.2,100,15,4:52,17:14
2026-10-26,16:51,alta,2.5,100,15,4:52,17:14
2026-10-26,23:00,baixa,0.1,100,15,4:52,17:14
2026-10-27,5:17,alta,2.6,97,16,4:52,17:14
2026-10-27,11:28,baixa,0.3,97,16,4:52,17:14
2026-10-27,17:31,alta,2.5,97,16,4:52,17:14
2026-10-27,23:42,baixa,0.2,97,16,4:52,17:14
2026-10-28,6:01,alta,2.6,89,17,4:51,17:14
2026-10-28,12:11,baixa,0.3,89,17,4:51,17:14
2026-10-28,18:15,alta,2.4,89,17,4:51,17:14
2026-10-29,0:27,baixa,0.2,77,18,4:51,17:14
2026-10-29,6:47,alta,2.5,77,18,4:51,17:14
2026-10-29,12:57,baixa,0.4,77,18,4:51,17:14
2026-10-29,19:02,alta,2.3,77,18,4:51,17:14
2026-10-30,1:17,baixa,0.4,64,19,4:51,17:14
2026-10-30,7:37,alta,2.3,64,19,4:51,17:14
2026-10-30,13:48,baixa,0.6,64,19,4:51,17:14
2026-10-30,19:54,alta,2.2,64,19,4:51,17:14
2026-10-31,2:13,baixa,0.5,52,20,4:51,17:14
2026-10-31,8:35,alta,2.1,52,20,4:51,17:14
2026-10-31,14:47,baixa,0.7,52,20,4:51,17:14
2026-10-31,20:58,alta,2.1,52,20,4:51,17:14
2026-11-01,3:22,baixa,0.7,47,21,4:50,17:14
2026-11-01,9:47,alta,2.0,47,21,4:50,17:14
2026-11-01,16:02,baixa,0.8,47,21,4:50,17:14
2026-11-01,22:20,alta,2.0,47,21,4:50,17:14
2026-11-02,4:51,baixa,0.8,50,22,4:50,17:15
2026-11-02,11:16,alta,1.9,50,22,4:50,17:15
2026-11-02,17:31,baixa,0.8,50,22,4:50,17:15
2026-11-02,23:53,alta,2.0,50,22,4:50,17:15
2026-11-03,6:21,baixa,0.7,58,23,4:50,17:15
2026-11-03,12:39,alta,2.0,58,23,4:50,17:15
2026-11-03,18:50,baixa,0.7,58,23,4:50,17:15
2026-11-04,1:09,alta,2.1,67,24,4:50,17:15
2026-11-04,7:31,baixa,0.6,67,24,4:50,17:15
2026-11-04,13:41,alta,2.1,67,24,4:50,17:15
2026-11-04,19:48,baixa,0.6,67,24,4:50,17:15
2026-11-05,2:04,alta,2.3,75,25,4:50,17:15
2026-11-05,8:21,baixa,0.5,75,25,4:50,17:15
2026-11-05,14:27,alta,2.2,75,25,4:50,17:15
2026-11-05,20:33,baixa,0.5,75,25,4:50,17:15
2026-11-06,2:48,alta,2.4,81,26,4:50,17:15
2026-11-06,9:02,baixa,0.4,81,26,4:50,17:15
2026-11-06,15:05,alta,2.3,81,26,4:50,17:15
2026-11-06,21:11,baixa,0.4,81,26,4:50,17:15
2026-11-07,3:26,alta,2.5,84,27,4:49,17:16
2026-11-07,9:37,baixa,0.4,84,27,4:49,17:16
2026-11-07,15:39,alta,2.3,84,27,4:49,17:16
2026-11-07,21:46,baixa,0.3,84,27,4:49,17:16
2026-11-08,4:01,alta,2.5,84,28,4:49,17:16
2026-11-08,10:10,baixa,0.4,84,28,4:49,17:16
2026-11-08,16:12,alta,2.3,84,28,4:49,17:16
2026-11-08,22:20,baixa,0.3,84,28,4:49,17:16
2026-11-09,4:35,alta,2.5,82,29,4:49,17:16
2026-11-09,10:43,baixa,0.4,82,29,4:49,17:16
2026-11-09,16:45,alta,2.3,82,29,4:49,17:16
2026-11-09,22:54,baixa,0.3,82,29,4:49,17:16
2026-11-10,5:09,alta,2.4,77,1,4:49,17:16
2026-11-10,11:16,baixa,0.5,77,1,4:49,17:16
2026-11-10,17:19,alta,2.3,77,1,4:49,17:16
2026-11-10,23:29,baixa,0.4,77,1,4:49,17:16
2026-11-11,5:43,alta,2.3,71,2,4:49,17:17
2026-11-11,11:50,baixa,0.5,71,2,4:49,17:17
2026-11-11,17:54,alta,2.2,71,2,4:49,17:17
2026-11-12,0:05,baixa,0.5,64,2,4:49,17:17
2026-11-12,6:19,alta,2.2,64,2,4:49,17:17
2026-11-12,12:26,baixa,0.6,64,2,4:49,17:17
2026-11-12,18:30,alta,2.2,64,2,4:49,17:17
2026-11-13,0:43,baixa,0.5,55,3,4:49,17:17
2026-11-13,6:56,alta,2.1,55,3,4:49,17:17
2026-11-13,13:02,baixa,0.7,55,3,4:49,17:17
2026-11-13,19:08,alta,2.1,55,3,4:49,17:17
2026-11-14,1:22,baixa,0.7,47,4,4:49,17:17
2026-11-14,7:35,alta,2.0,47,4,4:49,17:17
2026-11-14,13:42,baixa,0.8,47,4,4:49,17:17
2026-11-14,19:50,alta,2.0,47,4,4:49,17:17
2026-11-15,2:05,baixa,0.8,40,5,4:49,17:18
2026-11-15,8:18,alta,1.9,40,5,4:49,17:18
2026-11-15,14:27,baixa,0.8,40,5,4:49,17:18
2026-11-15,20:39,alta,1.9,40,5,4:49,17:18
2026-11-16,2:57,baixa,0.8,37,6,4:49,17:18
2026-11-16,9:13,alta,1.8,37,6,4:49,17:18
2026-11-16,15:25,baixa,0.8,37,6,4:49,17:18
2026-11-16,21:44,alta,1.8,37,6,4:49,17:18
2026-11-17,4:07,baixa,0.8,38,7,4:49,17:18
2026-11-17,10:24,alta,1.8,38,7,4:49,17:18
2026-11-17,16:40,baixa,0.8,38,7,4:49,17:18
2026-11-17,23:05,alta,1.8,38,7,4:49,17:18
2026-11-18,5:30,baixa,0.8,45,8,4:49,17:19
2026-11-18,11:44,alta,1.8,45,8,4:49,17:19
2026-11-18,17:58,baixa,0.8,45,8,4:49,17:19
2026-11-19,0:21,alta,1.9,55,9,4:49,17:19
2026-11-19,6:42,baixa,0.8,55,9,4:49,17:19
2026-11-19,12:50,alta,1.9,55,9,4:49,17:19
2026-11-19,19:00,baixa,0.7,55,9,4:49,17:19
2026-11-20,1:20,alta,2.1,66,10,4:49,17:19
2026-11-20,7:36,baixa,0.7,66,10,4:49,17:19
2026-11-20,13:41,alta,2.0,66,10,4:49,17:19
2026-11-20,19:49,baixa,0.6,66,10,4:49,17:19
2026-11-21,2:08,alta,2.3,77,11,4:50,17:20
2026-11-21,8:22,baixa,0.5,77,11,4:50,17:20
2026-11-21,14:25,alta,2.2,77,11,4:50,17:20
2026-11-21,20:32,baixa,0.4,77,11,4:50,17:20
2026-11-22,2:51,alta,2.4,86,12,4:50,17:20
2026-11-22,9:04,baixa,0.4,86,12,4:50,17:20
2026-11-22,15:06,alta,2.3,86,12,4:50,17:20
2026-11-22,21:15,baixa,0.3,86,12,4:50,17:20
2026-11-23,3:33,alta,2.5,92,13,4:50,17:21
2026-11-23,9:45,baixa,0.3,92,13,4:50,17:21
2026-11-23,15:48,alta,2.4,92,13,4:50,17:21
2026-11-23,21:58,baixa,0.2,92,13,4:50,17:21
2026-11-24,4:16,alta,2.6,95,14,4:50,17:21
2026-11-24,10:29,baixa,0.3,95,14,4:50,17:21
2026-11-24,16:32,alta,2.4,95,14,4:50,17:21
2026-11-24,22:43,baixa,0.2,95,14,4:50,17:21
2026-11-25,5:02,alta,2.6,94,15,4:50,17:21
2026-11-25,11:14,baixa,0.3,94,15,4:50,17:21
2026-11-25,17:18,alta,2.5,94,15,4:50,17:21
2026-11-25,23:31,baixa,0.2,94,15,4:50,17:21
2026-11-26,5:50,alta,2.5,89,16,4:50,17:22
2026-11-26,12:01,baixa,0.3,89,16,4:50,17:22
2026-11-26,18:07,alta,2.4,89,16,4:50,17:22
2026-11-27,0:21,baixa,0.2,81,17,4:51,17:22
2026-11-27,6:40,alta,2.5,81,17,4:51,17:22
2026-11-27,12:50,baixa,0.4,81,17,4:51,17:22
2026-11-27,18:58,alta,2.4,81,17,4:51,17:22
2026-11-28,1:14,baixa,0.3,71,19,4:51,17:23
2026-11-28,7:32,alta,2.3,71,19,4:51,17:23
2026-11-28,13:42,baixa,0.5,71,19,4:51,17:23
2026-11-28,19:53,alta,2.3,71,19,4:51,17:23
2026-11-29,2:11,baixa,0.4,63,20,4:51,17:23
2026-11-29,8:27,alta,2.2,63,20,4:51,17:23
2026-11-29,14:37,baixa,0.6,63,20,4:51,17:23
2026-11-29,20:52,alta,2.2,63,20,4:51,17:23
2026-11-30,3:13,baixa,0.6,57,21,4:51,17:24
2026-11-30,9:28,alta,2.1,57,21,4:51,17:24
2026-11-30,15:39,baixa,0.7,57,21,4:51,17:24
2026-11-30,22:00,alta,2.1,57,21,4:51,17:24
