data,hora,vento_kmh,direcao_vento
2026-10-01,0:00,23.0,E
2026-10-01,1:00,22.0,E
2026-10-01,2:00,21.0,E
2026-10-01,3:00,22.0,E
2026-10-01,4:00,23.0,E
2026-10-01,5:00,22.0,E
2026-10-01,6:00,25.0,E
2026-10-01,7:00,24.0,E
2026-10-01,8:00,23.0,E
2026-10-01,9:00,23.0,E
2026-10-01,10:00,21.0,E
2026-10-01,11:00,22.0,E
2026-10-01,12:00,21.0,E
2026-10-01,13:00,21.0,ESE
2026-10-01,14:00,20.0,ESE
2026-10-01,15:00,19.0,ESE
2026-10-01,16:00,18.0,ESE
2026-10-01,17:00,17.0,ESE
2026-10-01,18:00,18.0,ESE
2026-10-01,19:00,19.0,ESE
2026-10-01,20:00,20.0,E
2026-10-01,21:00,21.0,E
2026-10-01,22:00,22.0,E
2026-10-01,23:00,24.0,E
2026-10-02,0:00,23.0,E
2026-10-02,1:00,22.0,E
2026-10-02,2:00,21.0,E
2026-10-02,3:00,21.0,E
2026-10-02,4:00,21.0,E
2026-10-02,5:00,22.0,E
2026-10-02,6:00,23.0,E
2026-10-02,7:00,23.0,E
2026-10-02,8:00,22.0,E
2026-10-02,9:00,21.0,E
2026-10-02,10:00,19.0,E
2026-10-02,11:00,16.0,E
2026-10-02,12:00,15.0,E
2026-10-02,13:00,14.0,E
2026-10-02,14:00,14.0,E
2026-10-02,15:00,15.0,E
2026-10-02,16:00,18.0,E
2026-10-02,17:00,18.0,E
2026-10-02,18:00,21.0,E
2026-10-02,19:00,26.0,E
2026-10-02,20:00,27.0,ENE
2026-10-02,21:00,27.0,ENE
2026-10-02,22:00,23.0,ENE
2026-10-02,23:00,23.0,ENE
2026-10-03,0:00,22.0,E
2026-10-03,1:00,22.0,E
2026-10-03,2:00,22.0,E
2026-10-03,3:00,21.0,E
2026-10-03,4:00,23.0,E
2026-10-03,5:00,23.0,E
2026-10-03,6:00,23.0,E
2026-10-03,7:00,24.0,E
2026-10-03,8:00,24.0,E
2026-10-03,9:00,23.0,E
2026-10-03,10:00,21.0,E
2026-10-03,11:00,20.0,E
2026-10-03,12:00,21.0,E
2026-10-03,13:00,26.0,E
2026-10-03,14:00,24.0,E
2026-10-03,15:00,21.0,E
2026-10-03,16:00,18.0,E
2026-10-03,17:00,17.0,E
2026-10-03,18:00,19.0,E
2026-10-03,19:00,20.0,E
2026-10-03,20:00,21.0,ESE
2026-10-03,21:00,26.0,E
2026-10-03,22:00,28.0,E
2026-10-03,23:00,30.0,ESE
2026-10-04,0:00,30.0,ESE
2026-10-04,1:00,31.0,ESE
2026-10-04,2:00,31.0,ESE
2026-10-04,3:00,30.0,ESE
2026-10-04,4:00,31.0,ESE
2026-10-04,5:00,31.0,ESE
2026-10-04,6:00,32.0,ESE
2026-10-04,7:00,32.0,ESE
2026-10-04,8:00,30.0,ESE
2026-10-04,9:00,29.0,ESE
2026-10-04,10:00,27.0,ESE
2026-10-04,11:00,27.0,ESE
2026-10-04,12:00,26.0,ESE
2026-10-04,13:00,27.0,ESE
2026-10-04,14:00,31.0,ESE
2026-10-04,15:00,32.0,ESE
2026-10-04,16:00,30.0,ESE
2026-10-04,17:00,28.0,ESE
2026-10-04,18:00,27.0,ESE
2026-10-04,19:00,28.0,ESE
2026-10-04,20:00,29.0,ESE
2026-10-04,21:00,28.0,ESE
2026-10-04,22:00,28.0,ESE
2026-10-04,23:00,28.0,ESE
2026-10-05,0:00,29.0,ESE
2026-10-05,1:00,29.0,ESE
2026-10-05,2:00,25.0,ESE
2026-10-05,3:00,21.0,SE
2026-10-05,4:00,25.0,ESE
2026-10-05,5:00,30.0,E
2026-10-05,6:00,31.0,E
2026-10-05,7:00,29.0,E
2026-10-05,8:00,24.0,E
2026-10-05,9:00,23.0,ESE
2026-10-05,10:00,24.0,ESE
2026-10-05,11:00,24.0,SE
2026-10-05,12:00,24.0,SE
2026-10-05,13:00,24.0,SE
2026-10-05,14:00,24.0,SE
2026-10-05,15:00,27.0,SE
2026-10-05,16:00,27.0,SE
2026-10-05,17:00,24.0,SE
2026-10-05,18:00,23.0,SE
2026-10-05,19:00,26.0,SE
2026-10-05,20:00,26.0,SE
2026-10-05,21:00,26.0,SE
2026-10-05,22:00,27.0,SE
2026-10-05,23:00,26.0,SE
2026-10-06,0:00,26.0,SE
2026-10-06,1:00,27.0,SE
2026-10-06,2:00,27.0,SE
2026-10-06,3:00,27.0,ESE
2026-10-06,4:00,27.0,ESE
2026-10-06,5:00,27.0,ESE
2026-10-06,6:00,28.0,ESE
2026-10-06,7:00,28.0,ESE
2026-10-06,8:00,29.0,ESE
2026-10-06,9:00,30.0,ESE
2026-10-06,10:00,29.0,ESE
2026-10-06,11:00,28.0,ESE
2026-10-06,12:00,27.0,ESE
2026-10-06,13:00,27.0,SE
2026-10-06,14:00,27.0,SE
2026-10-06,15:00,26.0,SE
2026-10-06,16:00,26.0,SE
2026-10-06,17:00,24.0,SE
2026-10-06,18:00,24.0,SE
2026-10-06,19:00,25.0,SE
2026-10-06,20:00,27.0,SE
2026-10-06,21:00,28.0,SE
2026-10-06,22:00,27.0,SE
2026-10-06,23:00,27.0,SE
2026-10-07,0:00,26.0,SE
2026-10-07,1:00,26.0,SE
2026-10-07,2:00,26.0,SE
2026-10-07,3:00,26.0,SE
2026-10-07,4:00,27.0,SE
2026-10-07,5:00,28.0,SE
2026-10-07,6:00,29.0,SE
2026-10-07,7:00,28.0,SE
2026-10-07,8:00,27.0,SE
2026-10-07,9:00,26.0,ESE
2026-10-07,10:00,26.0,SE
2026-10-07,11:00,25.0,SE
2026-10-07,12:00,25.0,SE
2026-10-07,13:00,24.0,SE
2026-10-07,14:00,23.0,SE
2026-10-07,15:00,23.0,SE
2026-10-07,16:00,22.0,SE
2026-10-07,17:00,21.0,SE
2026-10-07,18:00,19.0,SE
2026-10-07,19:00,21.0,SE
2026-10-07,20:00,22.0,SE
2026-10-07,21:00,24.0,ESE
2026-10-07,22:00,23.0,ESE
2026-10-07,23:00,23.0,ESE
